{
  "$id": "framework-schema.json",
  "$schema": "http://json-schema.org/draft-07/schema#",
  "title": "Framework",
  "type": "object",
  "required": [
    "name",
    "code",
    "type"
  ],
  "properties": {
    "name": {
      "type": "string"
    },
    "description": {
      "type": "string"
    },
    "code": {
      "type": "string"
    },
    "type": {
      "type": "string",
      "enum": [
        "K-12",
        "TPD"
      ],
      "default": "K-12"
    },
    "status": {
      "type": "string",
      "enum": [
        "Live",
        "Retired"
      ],
      "default": "Live"
    },
    "translations": {
      "type": "object",
      "items": {
        "type": "string"
      }
    },
    "createdBy": {
      "type": "string"
    },
    "createdOn": {
      "type": "string"
    },
    "lastUpdatedBy": {
      "type": "string"
    },
    "lastUpdatedOn": {
      "type": "string"
    },
    "consumerId": {
      "type": "string"
    },
    "appId": {
      "type": "string"
    },
    "channel": {
      "type": "string"
    },
    "lastStatusChangedOn": {
      "type": "string"
    },
    "owner": {
      "type": "string"
    }
  }
}

